"";"departamento";"provincia";"categoria";"pob";"cant_medios";"cant_periodistas";"pobXmedios";"pobXperiodistas"
"1";"Apóstoles";"Misiones";"1";"42249";NA;NA;NA;NA
"2";"Cainguás ";"Misiones";"1";"53403";NA;NA;NA;NA
"3";"Candelaria ";"Misiones";"1";"27040";NA;NA;NA;NA
"4";"Concepción";"Misiones";"1";"9577";NA;NA;NA;NA
"5";"General Manuel Belgrano ";"Misiones";"1";"42902";NA;NA;NA;NA
"6";"Guaraní";"Misiones";"1";"67897";"2";"10";NA;NA
"7";"Iguazú ";"Misiones";"1";"82227";"1";"2";"82227";"41113.5"
"8";"Leandro N. Alem";"Misiones";"2";"45075";"1";"5";"45075";"9015"
"9";"Libertador General San Martín";"Misiones";"1";"46561";NA;NA;NA;NA
"10";"Montecarlo";"Misiones";"3";"36745";"3";"8";"12248.33333";"4593.125"
"11";"Oberá";"Misiones";"2";"107501";"3";"15";"35833.66667";"7166.733333"
"12";"San Ignacio";"Misiones";"1";"57728";"1";"5";"57728";"11545.6"
"13";"San Javier";"Misiones";"1";"20906";NA;NA;NA;NA
"14";"San Pedro";"Misiones";"3";"31051";"3";"15";"10350.33333";"2070.066667"
"15";"25 de Mayo";"Misiones";"1";"27754";NA;NA;NA;NA
"16";"Río Grande";"Tierra del Fuego, Antártida e Islas del Atlántico Sur";"3";"66420";"11";"62";"6038.181818";"1071.290323"
"17";"Ushuaia";"Tierra del Fuego, Antártida e Islas del Atlántico Sur";"2";"53241";"4";"39";"13310.25";"1365.153846"
"18";"Calamuchita";"Córdoba";"3";"54730";"7";"26";"7818.571429";"2105"
"19";"Capital";"Córdoba";"4";"1329604";"25";"576";"53184.16";"2308.340278"
"20";"Colón ";"Córdoba";"3";"225151";"9";"24";"25016.77778";"9381.291667"
"21";"Cruz del Eje";"Córdoba";"2";"58759";"12";"24";"4896.583333";"2448.291667"
"22";"General Roca";"Córdoba";"3";"35645";"11";"25";"3240.454545";"1425.8"
"23";"General San Martín";"Córdoba";"4";"127454";"12";"84";"10621.16667";"1517.309524"
"24";"Ischilín";"Córdoba";"3";"31312";"12";"33";"2609.333333";"948.8484848000001"
"25";"Juárez Celman";"Córdoba";"3";"61078";"12";"38";"5089.833333";"1607.315789"
"26";"Marcos Juárez";"Córdoba";"4";"104205";"12";"39";"8683.75";"2671.923077"
"27";"Minas";"Córdoba";"1";"4727";"2";"4";"2363.5";"1181.75"
"28";"Pocho";"Córdoba";"1";"5380";"2";"6";"2690";"896.6666667"
"29";"Presidente Roque Sáenz Peña";"Córdoba";"2";"36282";"8";"18";"4535.25";"2015.666667"
"30";"Punilla ";"Córdoba";"4";"178401";"16";"57";"11150.0625";"3129.842105"
"31";"Río Cuarto";"Córdoba";"4";"246393";"12";"88";"20532.75";"2799.920455"
"32";"Río Primero";"Córdoba";"3";"46675";"8";"25";"5834.375";"1867"
"33";"Río Seco";"Córdoba";"1";"13242";"4";"12";"3310.5";"1103.5"
"34";"Río Segundo";"Córdoba";"3";"103718";"13";"47";"7978.307692";"2206.765957"
"35";"San Alberto";"Córdoba";"2";"37004";"6";"19";"6167.333333";"1947.578947"
"36";"San Javier";"Córdoba";"3";"53520";"7";"31";"7645.714286";"1726.451613"
"37";"San Justo";"Córdoba";"4";"206307";"12";"63";"17192.25";"3274.714286"
"38";"Santa María";"Córdoba";"4";"98188";"11";"47";"8926.181817999999";"2089.106383"
"39";"Sobremonte";"Córdoba";"1";"4591";"2";"5";"2295.5";"918.2"
"40";"Tercero Arriba";"Córdoba";"3";"109554";"13";"45";"8427.230769";"2434.533333"
"41";"Totoral ";"Córdoba";"2";"18556";"4";"7";"4639";"2650.857143"
"42";"Tulumba";"Córdoba";"2";"12673";"4";"7";"3168.25";"1810.428571"
"43";"Unión";"Córdoba";"3";"105727";"12";"35";"8810.583333";"3020.771429"
"44";"Atreucó";"La Pampa";"1";"10153";"2";"2";"5076.5";"5076.5"
"45";"Caleu Caleu";"La Pampa";"1";"2313";"2";"8";"1156.5";"289.125"
"46";"Capital";"La Pampa";"4";"105312";"7";"86";"15044.57143";"1224.55814"
"47";"Catriló";"La Pampa";"2";"7293";"3";"6";"2431";"1215.5"
"48";"Chalileo";"La Pampa";"1";"2985";"1";"2";"2985";"1492.5"
"49";"Chapaleufú";"La Pampa";"2";"11620";"5";"15";"2324";"774.6666667"
"50";"Chical Co";"La Pampa";"1";"1502";"1";"4";"1502";"375.5"
"51";"Conhelo";"La Pampa";"2";"14077";"4";"10";"3519.25";"1407.7"
"52";"Curacó";"La Pampa";"1";"1040";"0";"0";NA;NA
"53";"Guatraché";"La Pampa";"1";"8831";"3";"7";"2943.666667";"1261.571429"
"54";"Hucal";"La Pampa";"1";"7540";"1";"2";"7540";"3770"
"55";"Lihuel Calel";"La Pampa";"1";"439";"0";"0";NA;NA
"56";"Limay Mahuida";"La Pampa";"1";"503";"0";"0";NA;NA
"57";"Loventué";"La Pampa";"2";"8619";"3";"4";"2873";"2154.75"
"58";"Maracó";"La Pampa";"3";"59024";"7";"18";"8432";"3279.111111"
"59";"Puelén";"La Pampa";"1";"9468";"3";"4";"3156";"2367"
"60";"Quemú Quemú ";"La Pampa";"1";"8663";"2";"4";"4331.5";"2165.75"
"61";"Rancul ";"La Pampa";"2";"10668";"4";"8";"2667";"1333.5"
"62";"Realicó";"La Pampa";"4";"16227";"9";"23";"1803";"705.5217391"
"63";"Toay";"La Pampa";"1";"12409";"1";"4";"12409";"3102.25"
"64";"Trenel";"La Pampa";"1";"5426";"2";"6";"2713";"904.3333333"
"65";"Utracán";"La Pampa";"2";"14839";"3";"10";"4946.333333";"1483.9"
"66";"Bermejo";"Formosa";"1";"14046";"0";"0";"0";"0"
"67";"Formosa";"Formosa";"3";"234354";"19";"100";"12334.42105";"2343.54"
"68";"Laishí";"Formosa";"1";"17063";"5";"11";"3412.6";"1551.181818"
"69";"Matacos";"Formosa";"1";"14375";"0";"0";NA;NA
"70";"Patiño";"Formosa";"1";"68581";"10";"21";"6858.1";"3265.761905"
"71";"Pilagás";"Formosa";"1";"18399";"0";"0";NA;NA
"72";"Pilcomayo";"Formosa";"2";"85024";"11";"33";"7729.454545";"2576.484848"
"73";"Pirané";"Formosa";"1";"64566";"6";"14";"10761";"4611.857143"
"74";"Ramón Lista";"Formosa";"1";"13754";"0";"0";NA;NA
"75";"Capital";"Tucumán";"4";"548866";"18";"195";"30492.55556";"2814.697436"
"76";"Chicligasta";"Tucumán";"1";"80735";"4";"13";"20183.75";"6210.384615"
"77";"Cruz Alta";"Tucumán";"1";"180499";"3";"9";"60166.33333";"20055.44444"
"78";"Famaillá";"Tucumán";"2";"34542";"4";"12";"8635.5";"2878.5"
"79";"Graneros";"Tucumán";"1";"13551";"0";"0";NA;NA
"80";"La Cocha";"Tucumán";"2";"19002";"3";"18";"6334";"1055.666667"
"81";"Leales";"Tucumán";"1";"54949";"0";"0";NA;NA
"82";"Lules";"Tucumán";"1";"68474";"0";"0";NA;NA
"83";"Monteros";"Tucumán";"2";"63641";"4";"21";"15910.25";"3030.52381"
"84";"Río Chico";"Tucumán";"1";"56847";"1";"5";"56847";"11369.4"
"85";"Simoca";"Tucumán";"1";"30876";"2";"4";"15438";"7719"
"86";"Tafí del Valle";"Tucumán";"1";"14933";"2";"17";"7466.5";"878.4117647"
"87";"Tafí Viejo";"Tucumán";"2";"121638";"6";"25";"20273";"4865.52"
"88";"Trancas";"Tucumán";"1";"17371";"2";"5";"8685.5";"3474.2"
"89";"Yerba Buena";"Tucumán";"1";"75076";"3";"40";"25025.33333";"1876.9"
"90";"Almirante Brown";"Chaco";"1";"34075";"4";"4";"8518.75";"8518.75"
"91";"Bermejo";"Chaco";"1";"25052";"4";"12";"6263";"2087.666667"
"92";"Chacabuco";"Chaco";"2";"30590";"2";"6";"15295";"5098.333333"
"93";"Comandante Fernández";"Chaco";"4";"96944";"9";"29";"10771.55556";"3342.896552"
"94";"12 de Octubre";"Chaco";"1";"22281";"3";"5";"7427";"4456.2"
"95";"2 de Abril";"Chaco";"1";"7432";"2";"6";"3716";"1238.666667"
"96";"Fray Justo Santa María de Oro";"Chaco";"1";"11826";"1";"1";"11826";"11826"
"97";"General Belgrano";"Chaco";"1";"11988";"1";"2";"11988";"5994"
"98";"General Donovan";"Chaco";"2";"13490";"7";"15";"1927.142857";"899.3333333"
"99";"General Güemes";"Chaco";"3";"67132";"9";"38";"7459.111111";"1766.631579"
"100";"Independencia";"Chaco";"2";"22411";"3";"8";"7470.333333";"2801.375"
"101";"Libertad";"Chaco";"2";"12158";"3";"8";"4052.666667";"1519.75"
"102";"Libertador General San Martín";"Chaco";"3";"59147";"6";"18";"9857.833333";"3285.944444"
"103";"Maipú";"Chaco";"3";"25288";"9";"34";"2809.777778";"743.7647059"
"104";"9 de Julio";"Chaco";"2";"28555";"6";"24";"4759.166667";"1189.791667"
"105";"O'Higgins";"Chaco";"1";"20131";"2";"2";"10065.5";"10065.5"
"106";"Presidencia de la Plaza";"Chaco";"1";"12499";"1";"1";"12499";"12499"
"107";"1º de Mayo";"Chaco";"1";"10322";"3";"5";"3440.666667";"2064.4"
"108";"Quitilipi";"Chaco";"1";"34081";"1";"1";"34081";"34081"
"109";"San Fernando";"Chaco";"4";"390874";"18";"183";"21715.22222";"2135.923497"
"110";"San Lorenzo";"Chaco";"1";"14702";"2";"5";"7351";"2940.4"
"111";"Sargento Cabral";"Chaco";"2";"15889";"4";"12";"3972.25";"1324.083333"
"112";"Tapenagá";"Chaco";"1";"4097";"1";"1";"4097";"4097"
"113";"25 de Mayo";"Chaco";"2";"29215";"5";"8";"5843";"3651.875"
"114";"AYACUCHO";"San Luis";"1";"19087";"3";"5";"6362.333333";"3817.4"
"115";"BELGRANO";"San Luis";"1";"3985";"1";"1";"3985";"3985"
"116";"CHACABUCO";"San Luis";"2";"20744";"3";"7";"6914.666667";"2963.428571"
"117";"CORONEL PRINGLES";"San Luis";"2";"13157";"5";"8";"2631.4";"1644.625"
"118";"GENERAL PEDERNERA";"San Luis";"3";"125899";"11";"55";"11445.36364";"2289.072727"
"119";"GOBERNADOR DUPUY";"San Luis";"1";"11779";"1";"2";"11779";"5889.5"
"120";"JUNIN";"San Luis";"2";"28933";"4";"4";"7233.25";"7233.25"
"121";"Ambato";"Catamarca";"2";"4463";"3";"16";"1487.666667";"278.9375"
"122";"Ancasti";"Catamarca";"1";"2917";"0";"0";NA;NA
"123";"Andalgalá";"Catamarca";"3";"18132";"7";"22";"2590.285714";"824.1818182"
"124";"Antofagasta de la Sierra";"Catamarca";"1";"1436";"1";"1";"1436";"1436"
"125";"Belén";"Catamarca";"2";"27843";"7";"31";"3977.571429";"898.1612903"
"126";"Capayán";"Catamarca";"1";"16085";"2";"4";"8042.5";"4021.25"
"127";"Capital";"Catamarca";"4";"159703";"10";"102";"15970.3";"1565.715686"
"128";"El Alto";"Catamarca";"1";"3570";"0";"0";NA;NA
"129";"Fray Mamerto Esquiú";"Catamarca";"1";"11896";"1";"7";"11896";"1699.428571"
"130";"La Paz";"Catamarca";"1";"22638";"2";"3";"11319";"7546"
"131";"Paclín";"Catamarca";"1";"4185";"0";"0";NA;NA
"132";"Pomán";"Catamarca";"2";"10776";"2";"12";"5388";"898"
"133";"Santa María";"Catamarca";"2";"22548";"5";"6";"4509.6";"3758"
"134";"Santa Rosa";"Catamarca";"1";"12034";"0";"0";NA;NA
"135";"Tinogasta";"Catamarca";"2";"22360";"4";"11";"5590";"2032.727273"
"136";"Valle Viejo";"Catamarca";"1";"27242";"2";"10";"13621";"2724.2"
"137";"25 de Mayo";"Río Negro";"3";"15743";"6";"26";"2623.833333";"605.5"
"138";"9 de Julio";"Río Negro";"1";"3475";"3";"11";"1158.333333";"315.9090909"
"139";"Adolfo Alsina";"Río Negro";"4";"57678";"9";"86";"6408.666667";"670.6744186"
"140";"Avellaneda";"Río Negro";"3";"35323";"11";"34";"3211.181818";"1038.911765"
"141";"Bariloche";"Río Negro";"4";"133500";"12";"53";"11125";"2518.867925"
"142";"Conesa";"Río Negro";"1";"7069";"2";"4";"3534.5";"1767.25"
"143";"El Cuy";"Río Negro";"1";"5280";"0";"0";NA;NA
"144";"General Roca";"Río Negro";"4";"320921";"44";"258";"7293.659091";"1243.879845"
"145";"Ñorquincó";"Río Negro";"1";"1736";"0";"0";NA;NA
"146";"Pichi Mahuida";"Río Negro";"2";"14107";"4";"11";"3526.75";"1282.454545"
"147";"Pilcaniyeu";"Río Negro";"1";"7428";"1";"1";"7428";"7428"
"148";"San Antonio";"Río Negro";"3";"29284";"8";"23";"3660.5";"1273.217391"
"149";"Valcheta";"Río Negro";"1";"7101";"2";"4";"3550.5";"1775.25"
"150";"Anta";"Salta";"2";"57411";"3";"14";"19137";"4100.785714"
"151";"Cachi";"Salta";"1";"7315";"2";"6";"3657.5";"1219.166667"
"152";"Cafayate";"Salta";"1";"14850";"2";"10";"7425";"1485"
"153";"Capital";"Salta";"4";"536113";"7";"104";"76587.57143";"5154.932692"
"154";"Cerrillos";"Salta";"2";"35789";"2";"6";"17894.5";"5964.833333"
"155";"Chicoana";"Salta";"1";"20710";"2";"6";"10355";"3451.666667"
"156";"General Güemes";"Salta";"3";"47226";"3";"22";"15742";"2146.636364"
"157";"General José de San Martín";"Salta";"3";"156910";"7";"21";"22415.71429";"7471.904762"
"158";"Guachipas";"Salta";"1";"3187";"1";"3";"3187";"1062.333333"
"159";"Iruya";"Salta";"1";"5987";NA;NA;NA;NA
"160";"La Caldera";"Salta";"1";"7763";"1";"2";"7763";"3881.5"
"161";"La Candelaria";"Salta";"1";"5704";"2";"4";"2852";"1426"
"162";"La Poma";"Salta";"1";"1738";NA;NA;NA;NA
"163";"La Viña";"Salta";"1";"7435";"1";"2";"7435";"3717.5"
"164";"Los Andes";"Salta";"1";"6050";"2";"6";"3025";"1008.333333"
"165";"Metán";"Salta";"2";"40351";"2";"8";"20175.5";"5043.875"
"166";"Molinos";"Salta";"1";"5652";NA;NA;NA;NA
"167";"Orán";"Salta";"3";"138838";"4";"18";"34709.5";"7713.222222"
"168";"Rivadavia";"Salta";"1";"30357";"2";"3";"15178.5";"10119"
"169";"Rosario de la Frontera";"Salta";"2";"28993";"2";"6";"14496.5";"4832.166667"
"170";"Rosario de Lerma";"Salta";"2";"38702";"4";"23";"9675.5";"1682.695652"
"171";"San Carlos";"Salta";"1";"7016";"1";"1";"7016";"7016"
"172";"Santa Victoria";"Salta";"1";"10344";"1";"1";"10344";"10344"
"173";"Aluminé";"Neuquén";"1";"8306";"4";"8";"2076.5";"1038.25"
"174";"Añelo";"Neuquén";"1";"10786";"3";"10";"3595.333333";"1078.6"
"175";"Catán Lil";"Neuquén";"1";"2155";"1";"4";"2155";"538.75"
"176";"Chos Malal";"Neuquén";"2";"15256";"4";"16";"3814";"953.5"
"177";"Collón Curá";"Neuquén";"2";"4532";"2";"5";"2266";"906.4"
"178";"Confluencia";"Neuquén";"4";"362673";"22";"192";"16485.13636";"1888.921875"
"179";"Huiliches";"Neuquén";"1";"14725";"2";"6";"7362.5";"2454.166667"
"180";"Lácar";"Neuquén";"2";"29748";"5";"16";"5949.6";"1859.25"
"181";"Los Lagos";"Neuquén";"2";"11998";"4";"16";"2999.5";"749.875"
"182";"Minas";"Neuquén";"2";"7234";"5";"13";"1446.8";"556.4615385"
"183";"Ñorquín";"Neuquén";"2";"4692";"4";"10";"1173";"469.2"
"184";"Pehuenches";"Neuquén";"2";"24087";"5";"12";"4817.4";"2007.25"
"185";"Picún Leufú";"Neuquén";"1";"4578";"1";"3";"4578";"1526"
"186";"Picunches";"Neuquén";"1";"7022";"2";"11";"3511";"638.3636364"
"187";"Zapala";"Neuquén";"2";"36549";"4";"15";"9137.25";"2436.6"
"188";"Bella Vista ";"Corrientes";"2";"37181";"4";"22";"9295.25";"1690.04"
"189";"Berón de Astrada ";"Corrientes";"1";"2461";"1";"3";"2461";"820.33"
"190";"Concepción ";"Corrientes";"2";"21113";"8";"20";"2639.125";"1055.65"
"191";"Curuzú Cuatiá ";"Corrientes";"2";"44384";"4";"11";"11096";"4034.9"
"192";"Empedrado ";"Corrientes";"1";"15109";"2";"3";"7554.5";"5036.33"
"193";"Esquina";"Corrientes";"2";"30802";"4";"37";"7700.5";"832.48"
"194";"General Alvear";"Corrientes";"1";"7926";"1";"5";"7926";"1585.2"
"195";"General Paz";"Corrientes";"2";"14836";"7";"12";"2119.42";"1236.33"
"196";"Goya ";"Corrientes";"3";"89959";"8";"24";"11244.875";"3748.29"
"197";"Itatí ";"Corrientes";"1";"9171";"6";"7";"1528.5";"1310.14"
"198";"Ituzaingó ";"Corrientes";"2";"31150";"8";"20";"3893.75";"1557.5"
"199";"Lavalle ";"Corrientes";"1";"28759";"6";"8";"4793.16";"3594.87"
"200";"Mburucuyá";"Corrientes";"1";"9252";"2";"4";"4626";"2313"
"201";"Mercedes  ";"Corrientes";"2";"40667";"5";"11";"8133.4";"3697"
"202";"Monte Caseros ";"Corrientes";"1";"36338";"5";"8";"7267.6";"4542.25"
"203";"Paso de los Libres";"Corrientes";"3";"48642";"6";"15";"8107";"3242.8"
"204";"Saladas ";"Corrientes";"1";"22244";"4";"8";"5561";"2780.5"
"205";"San Cosme ";"Corrientes";"2";"14381";"5";"10";"2876.2";"1438.1"
"206";"San Luis del Palmar  ";"Corrientes";"1";"17590";"1";"3";"17590";"5863.33"
"207";"San Martín ";"Corrientes";"2";"13140";"5";"12";"2628";"1095"
"208";"San Miguel";"Corrientes";"1";"10572";"1";"1";"10572";"10572"
"209";"San Roque ";"Corrientes";"1";"18366";"5";"17";"3673.2";"1080.35"
"210";"Santo Tomé ";"Corrientes";"2";"61297";"8";"12";"7662.12";"5108.08"
"211";"Sauce";"Corrientes";"1";"9032";NA;NA;NA;NA
"212";"Agronomía";"Ciudad Autónoma de Buenos Aires";"1";"13912";NA;NA;NA;NA
"213";"Almagro";"Ciudad Autónoma de Buenos Aires";"4";"131699";"7";"23";"18814.14286";"5726.043478"
"214";"Balvanera";"Ciudad Autónoma de Buenos Aires";"4";"138926";"11";"254";"12629.63636";"546.9527559000001"
"215";"Barracas";"Ciudad Autónoma de Buenos Aires";"4";"89452";"5";"218";"17890.4";"410.3302752"
"216";"Belgrano";"Ciudad Autónoma de Buenos Aires";"3";"126831";"3";"17";"42277";"7460.647059"
"217";"Boca";"Ciudad Autónoma de Buenos Aires";"2";"45113";"3";"10";"15037.66667";"4511.3"
"218";"Boedo";"Ciudad Autónoma de Buenos Aires";"2";"47306";"1";"4";"47306";"11826.5"
"219";"Caballito";"Ciudad Autónoma de Buenos Aires";"3";"176076";"4";"15";"44019";"11738.4"
"220";"Chacarita";"Ciudad Autónoma de Buenos Aires";"1";"27761";"1";"1";"27761";"27761"
"221";"Coghlan";"Ciudad Autónoma de Buenos Aires";"1";"18604";NA;NA;NA;NA
"222";"Colegiales";"Ciudad Autónoma de Buenos Aires";"3";"52551";"4";"5";"13137.75";"10510.2"
"223";"Constitución";"Ciudad Autónoma de Buenos Aires";"1";"44107";"1";"1";"44107";"44107"
"224";"Flores";"Ciudad Autónoma de Buenos Aires";"2";"164310";"2";"2";"82155";"82155"
"225";"Floresta";"Ciudad Autónoma de Buenos Aires";"1";"37575";"2";"2";"18787.5";"18787.5"
"226";"Liniers";"Ciudad Autónoma de Buenos Aires";"3";"44132";"3";"11";"14710.66667";"4012"
"227";"Mataderos";"Ciudad Autónoma de Buenos Aires";"3";"64436";"5";"36";"12887.2";"1789.888889"
"228";"Monserrat";"Ciudad Autónoma de Buenos Aires";"4";"39914";"3";"40";"13304.66667";"997.85"
"229";"Monte Castro";"Ciudad Autónoma de Buenos Aires";"2";"33623";"2";"8";"16811.5";"4202.875"
"230";"Nueva Pompeya";"Ciudad Autónoma de Buenos Aires";"1";"42695";"1";"2";"42695";"21347.5"
"231";"Nuñez";"Ciudad Autónoma de Buenos Aires";"1";"51949";NA;NA;NA;NA
"232";"Palermo";"Ciudad Autónoma de Buenos Aires";"2";"225970";"3";"10";"75323.33332999999";"22597"
"233";"Parque Avellaneda";"Ciudad Autónoma de Buenos Aires";"1";"53229";"1";"2";"53229";"26614.5"
"234";"Parque Chacabuco";"Ciudad Autónoma de Buenos Aires";"2";"56281";"2";"12";"28140.5";"4690.083333"
"235";"Parque Chas";"Ciudad Autónoma de Buenos Aires";"1";"17489";"1";"1";"17489";"17489"
"236";"Parque Patricios";"Ciudad Autónoma de Buenos Aires";"1";"40985";"1";"1";"40985";"40985"
"237";"Paternal";"Ciudad Autónoma de Buenos Aires";"3";"19717";"3";"21";"6572.333333";"938.9047619"
"238";"Puerto Madero";"Ciudad Autónoma de Buenos Aires";"1";"6726";"1";"1";"6726";"6726"
"239";"Recoleta";"Ciudad Autónoma de Buenos Aires";"2";"157932";"3";"5";"52644";"31586.4"
"240";"Retiro";"Ciudad Autónoma de Buenos Aires";"1";"65413";"1";"2";"65413";"32706.5"
"241";"Saavedra";"Ciudad Autónoma de Buenos Aires";"1";"50295";"1";"1";"50295";"50295"
"242";"San Cristobal";"Ciudad Autónoma de Buenos Aires";"1";"48611";"1";"7";"48611";"6944.428571"
"243";"San Nicolás";"Ciudad Autónoma de Buenos Aires";"3";"29273";"3";"19";"9757.666667";"1540.684211"
"244";"San Telmo";"Ciudad Autónoma de Buenos Aires";"2";"20453";"2";"4";"10226.5";"5113.25"
"245";"Velez Sarsfield";"Ciudad Autónoma de Buenos Aires";"1";"35081";NA;NA;NA;NA
"246";"Versalles";"Ciudad Autónoma de Buenos Aires";"1";"13822";"1";"1";"13822";"13822"
"247";"Villa Crespo";"Ciudad Autónoma de Buenos Aires";"2";"81959";"2";"6";"40979.5";"13659.83333"
"248";"Villa del Parque ";"Ciudad Autónoma de Buenos Aires";"4";"55273";"4";"22";"13818.25";"2512.409091"
"249";"Villa Devoto";"Ciudad Autónoma de Buenos Aires";"4";"66521";"4";"12";"16630.25";"5543.416667"
"250";"Villa Lugano";"Ciudad Autónoma de Buenos Aires";"1";"126374";"1";"2";"126374";"63187"
"251";"Villa Luro";"Ciudad Autónoma de Buenos Aires";"1";"32502";"1";"5";"32502";"6500.4"
"252";"Villa Ortuzar";"Ciudad Autónoma de Buenos Aires";"1";"21736";NA;NA;NA;NA
"253";"Villa Pueyrredón";"Ciudad Autónoma de Buenos Aires";"3";"39654";"5";"13";"7930.8";"3050.307692"
"254";"Villa Real";"Ciudad Autónoma de Buenos Aires";"1";"13419";NA;NA;NA;NA
"255";"Villa Riachuelo";"Ciudad Autónoma de Buenos Aires";"1";"14084";NA;NA;NA;NA
"256";"Villa Santa Rita";"Ciudad Autónoma de Buenos Aires";"1";"33325";NA;NA;NA;NA
"257";"Villa Soldati";"Ciudad Autónoma de Buenos Aires";"1";"46779";"1";"7";"46779";"6682.714286"
"258";"Villa Urquiza";"Ciudad Autónoma de Buenos Aires";"1";"91563";"2";"3";"45781.5";"30521"
"259";"25 de Mayo";"Buenos Aires";"3";"23408";"5";"35";"4681.6";"668.8"
"260";"9 de Julio";"Buenos Aires";"3";"47733";"7";"34";"6819";"1403.911765"
"261";"Adolfo Alsina";"Buenos Aires";"2";"17072";"4";"10";"4268";"1707.2"
"262";"Alberti";"Buenos Aires";"2";"8260";"3";"9";"2753.333333";"917.7777778"
"263";"Almirante Brown";"Buenos Aires";"3";"552902";"11";"56";"50263.81818";"9873.25"
"264";"Arrecifes";"Buenos Aires";"3";"29044";"5";"29";"5808.8";"1001.517241"
"265";"Avellaneda";"Buenos Aires";"3";"342677";"11";"55";"31152.45455";"6230.490909"
"266";"Ayacucho";"Buenos Aires";"2";"20337";"4";"5";"5084.25";"4067.4"
"267";"Azul";"Buenos Aires";"2";"65280";"5";"5";"13056";"13056"
"268";"Bahía Blanca";"Buenos Aires";"4";"301572";"9";"99";"33508";"3046.181818"
"269";"Balcarce";"Buenos Aires";"3";"43823";"7";"21";"6260.428571";"2086.809524"
"270";"Baradero";"Buenos Aires";"3";"32921";"5";"27";"6584.2";"1219.296296"
"271";"Benito Juárez";"Buenos Aires";"1";"20239";"3";"4";"6746.333333";"5059.75"
"272";"Berazategui";"Buenos Aires";"3";"324244";"10";"115";"32424.4";"2819.513043"
"273";"Berisso";"Buenos Aires";"3";"80092";"8";"54";"10011.5";"1483.185185"
"274";"Bolívar";"Buenos Aires";"1";"34190";"4";"4";"8547.5";"8547.5"
"275";"Bragado";"Buenos Aires";"4";"33222";"13";"90";"2555.538462";"369.1333333"
"276";"Brandsen";"Buenos Aires";"3";"19877";"5";"28";"3975.4";"709.8928571"
"277";"Campana";"Buenos Aires";"3";"94461";"5";"50";"18892.2";"1889.22"
"278";"Cañuelas";"Buenos Aires";"4";"51892";"9";"36";"5765.777778";"1441.444444"
"279";"Capitán Sarmiento";"Buenos Aires";"3";"13088";"4";"24";"3272";"545.3333333"
"280";"Carlos Casares";"Buenos Aires";"2";"22237";"7";"9";"3176.714286";"2470.777778"
"281";"Carlos Tejedor";"Buenos Aires";"1";"11570";"1";"1";"11570";"11570"
"282";"Carmen de Areco";"Buenos Aires";"2";"14692";"5";"19";"2938.4";"773.2631579"
"283";"Castelli";"Buenos Aires";"2";"8205";"4";"16";"2051.25";"512.8125"
"284";"Chacabuco";"Buenos Aires";"2";"48703";"6";"18";"8117.166667";"2705.722222"
"285";"Chascomús";"Buenos Aires";"3";"34123";"8";"57";"4265.375";"598.6491228"
"286";"Chivilcoy";"Buenos Aires";"1";"64185";"3";"8";"21395";"8023.125"
"287";"Colón";"Buenos Aires";"2";"23206";"5";"23";"4641.2";"1008.956522"
"288";"Coronel Dorrego";"Buenos Aires";"1";"15825";"1";"1";"15825";"15825"
"289";"Coronel Pringles ";"Buenos Aires";"1";"22933";"2";"5";"11466.5";"4586.6"
"290";"Coronel Suárez";"Buenos Aires";"2";"38320";"4";"4";"9580";"9580"
"291";"Daireaux";"Buenos Aires";"2";"16889";"5";"12";"3377.8";"1407.416667"
"292";"Dolores";"Buenos Aires";"2";"27042";"5";"6";"5408.4";"4507"
"293";"Ensenada";"Buenos Aires";"2";"51448";"4";"22";"12862";"2338.545455"
"294";"Escobar";"Buenos Aires";"2";"213619";"5";"22";"42723.8";"9709.954545000001"
"295";"Esteban Echeverría";"Buenos Aires";"2";"300959";"7";"26";"42994.14286";"11575.34615"
"296";"Exaltación de la Cruz";"Buenos Aires";"2";"29805";"3";"29";"9935";"1027.758621"
"297";"Ezeiza";"Buenos Aires";"2";"163722";"6";"16";"27287";"10232.625"
"298";"Florencio Varela";"Buenos Aires";"3";"426005";"7";"72";"60857.85714";"5916.736111"
"299";"Florentino Ameghino";"Buenos Aires";"1";"8869";"1";"1";"8869";"8869"
"300";"General Alvarado";"Buenos Aires";"3";"39594";"8";"19";"4949.25";"2083.894737"
"301";"General Alvear";"Buenos Aires";"1";"11130";"2";"3";"5565";"3710"
"302";"General Arenales";"Buenos Aires";"2";"4321";"6";"21";"720.1666667";"205.7619048"
"303";"General Belgrano";"Buenos Aires";"1";"15394";"3";"9";"5131.333333";"1710.444444"
"304";"General Guido";"Buenos Aires";"1";"2816";"1";"1";"2816";"2816"
"305";"General La Madrid";"Buenos Aires";"1";"10783";"3";"3";"3594.333333";"3594.333333"
"306";"General Las Heras";"Buenos Aires";"2";"14889";"3";"10";"4963";"1488.9"
"307";"General Lavalle";"Buenos Aires";"1";"3700";"1";"1";"3700";"3700"
"308";"General Paz";"Buenos Aires";"2";"11202";"3";"29";"3734";"386.2758621"
"309";"General Pinto";"Buenos Aires";"1";"11261";"1";"1";"11261";"11261"
"310";"General Pueyrredón";"Buenos Aires";"4";"618989";"7";"90";"88427";"6877.655556"
"311";"General Rodríguez";"Buenos Aires";"3";"67931";"4";"17";"16982.75";"3995.941176"
"312";"General San Martín";"Buenos Aires";"4";"414196";"10";"111";"41419.6";"3731.495495"
"313";"General Viamonte";"Buenos Aires";"3";"18074";"7";"31";"2582";"583.0322581"
"314";"General Villegas";"Buenos Aires";"2";"30864";"4";"9";"7716";"3429.333333"
"315";"Guaminí";"Buenos Aires";"1";"11826";"2";"2";"5913";"5913"
"316";"Hipólito Yrigoyen";"Buenos Aires";"1";"9585";"1";"1";"9585";"9585"
"317";"Hurlingham";"Buenos Aires";"2";"181241";"5";"28";"36248.2";"6472.892857"
"318";"Ituzaingó";"Buenos Aires";"3";"167824";"5";"72";"33564.8";"2330.888889"
"319";"José C. Paz";"Buenos Aires";"2";"265981";"5";"32";"53196.2";"8311.90625"
"320";"Junín";"Buenos Aires";"4";"90305";"7";"41";"12900.71429";"2202.560976"
"321";"La Costa";"Buenos Aires";"1";"69633";"3";"9";"23211";"7737"
"322";"La Matanza";"Buenos Aires";"4";"1775816";"11";"150";"161437.8182";"11838.77333"
"323";"La Plata";"Buenos Aires";"4";"574369";"8";"140";"71796.125";"4102.635714"
"324";"Lanús";"Buenos Aires";"4";"459263";"12";"100";"38271.91667";"4592.63"
"325";"Laprida";"Buenos Aires";"1";"10210";"1";"1";"10210";"10210"
"326";"Las Flores";"Buenos Aires";"2";"23871";"4";"13";"5967.75";"1836.230769"
"327";"Leandro N. Alem";"Buenos Aires";"2";"2468";"3";"17";"822.6666667";"145.1764706"
"328";"Lincoln";"Buenos Aires";"1";"41808";"3";"6";"13936";"6968"
"329";"Lobería";"Buenos Aires";"2";"17523";"4";"11";"4380.75";"1593"
"330";"Lobos";"Buenos Aires";"4";"44567";"11";"43";"4051.545455";"1036.44186"
"331";"Lomas de Zamora";"Buenos Aires";"3";"616279";"9";"80";"68475.44444000001";"7703.4875"
"332";"Luján";"Buenos Aires";"4";"93992";"10";"65";"9399.200000000001";"1446.030769"
"333";"Magdalena";"Buenos Aires";"1";"11093";"5";"14";"2218.6";"792.3571429"
"334";"Maipú";"Buenos Aires";"2";"10188";"4";"11";"2547";"926.1818182"
"335";"Malvinas Argentinas";"Buenos Aires";"3";"322375";"9";"47";"35819.44444";"6859.042553"
"336";"Mar Chiquita";"Buenos Aires";"1";"21279";"3";"3";"7093";"7093"
"337";"Marcos Paz";"Buenos Aires";"3";"43400";"4";"68";"10850";"638.2352941"
"338";"Mercedes";"Buenos Aires";"3";"59870";"6";"26";"9978.333333";"2302.692308"
"339";"Merlo";"Buenos Aires";"3";"528494";"5";"13";"105698.8";"40653.38462"
"340";"Monte Hermoso";"Buenos Aires";"1";"6499";"2";"2";"3249.5";"3249.5"
"341";"Moreno";"Buenos Aires";"2";"452505";"5";"24";"90501";"18854.375"
"342";"Morón";"Buenos Aires";"2";"321109";"5";"32";"64221.8";"10034.65625"
"343";"Navarro";"Buenos Aires";"2";"20054";"4";"13";"5013.5";"1542.615385"
"344";"Necochea";"Buenos Aires";"2";"92933";"6";"21";"15488.83333";"4425.380952"
"345";"Olavarría";"Buenos Aires";"3";"111708";"6";"61";"18618";"1831.278689"
"346";"Pehuajó";"Buenos Aires";"1";"39776";"2";"2";"19888";"19888"
"347";"Pellegrini";"Buenos Aires";"1";"5887";"3";"4";"1962.333333";"1471.75"
"348";"Pergamino";"Buenos Aires";"3";"91399";"7";"50";"13057";"1827.98"
"349";"Pila";"Buenos Aires";"1";"2502";"3";"8";"834";"312.75"
"350";"Pilar";"Buenos Aires";"4";"232463";"6";"53";"38743.83333";"4386.09434"
"351";"Pinamar";"Buenos Aires";"2";"25728";"6";"6";"4288";"4288"
"352";"Presidente Perón";"Buenos Aires";"1";"60191";"4";"12";"15047.75";"5015.916667"
"353";"Puán";"Buenos Aires";"1";"15743";"3";"5";"5247.666667";"3148.6"
"354";"Punta Indio";"Buenos Aires";"1";"9888";"1";"5";"9888";"1977.6"
"355";"Quilmes";"Buenos Aires";"3";"582943";"7";"34";"83277.57143";"17145.38235"
"356";"Ramallo";"Buenos Aires";"2";"33042";"3";"17";"11014";"1943.647059"
"357";"Rauch";"Buenos Aires";"1";"15176";"2";"2";"7588";"7588"
"358";"Rivadavia";"Buenos Aires";"1";"17143";"3";"5";"5714.333333";"3428.6"
"359";"Rojas";"Buenos Aires";"2";"19766";"5";"27";"3953.2";"732.0740741"
"360";"Roque Pérez";"Buenos Aires";"3";"12122";"6";"26";"2020.333333";"466.2307692"
"361";"Saavedra";"Buenos Aires";"1";"20749";"2";"2";"10374.5";"10374.5"
"362";"Saladillo";"Buenos Aires";"3";"26763";"8";"43";"3345.375";"622.3953488"
"363";"Salliquelo";"Buenos Aires";"1";"8644";"1";"1";"8644";"8644"
"364";"Salto";"Buenos Aires";"2";"32628";"4";"34";"8157";"959.6470588"
"365";"San Andrés de Giles";"Buenos Aires";"3";"16243";"6";"25";"2707.166667";"649.72"
"366";"San Antonio de Areco";"Buenos Aires";"2";"23140";"4";"14";"5785";"1652.857143"
"367";"San Cayetano";"Buenos Aires";"1";"8399";"1";"3";"8399";"2799.666667"
"368";"San Fernando";"Buenos Aires";"4";"163462";"5";"66";"32692.4";"2476.69697"
"369";"San Isidro";"Buenos Aires";"3";"292878";"4";"41";"73219.5";"7143.365854"
"370";"San Miguel";"Buenos Aires";"2";"276190";"4";"13";"69047.5";"21245.38462"
"371";"San Pedro";"Buenos Aires";"3";"89200";"5";"24";"17840";"3716.666667"
"372";"San Vicente";"Buenos Aires";"3";"44529";"5";"16";"8905.799999999999";"2783.0625"
"373";"Suipacha";"Buenos Aires";"1";"9997";"1";"3";"9997";"3332.333333"
"374";"Tandil";"Buenos Aires";"3";"123871";"5";"31";"24774.2";"3995.83871"
"375";"Tapalqué";"Buenos Aires";"1";"9178";"3";"3";"3059.333333";"3059.333333"
"376";"Tigre";"Buenos Aires";"1";"376381";"3";"13";"125460.3333";"28952.38462"
"377";"Tordillo";"Buenos Aires";"1";"1764";"1";"1";"1764";"1764"
"378";"Tornquist";"Buenos Aires";"1";"12723";"3";"3";"4241";"4241"
"379";"Trenque Lauquen";"Buenos Aires";"1";"43021";"1";"2";"43021";"21510.5"
"380";"Tres Arroyos";"Buenos Aires";"2";"57110";"5";"29";"11422";"1969.310345"
"381";"Tres de Febrero";"Buenos Aires";"1";"340071";"3";"11";"113357";"30915.54545"
"382";"Tres Lomas";"Buenos Aires";"1";"8700";"3";"3";"2900";"2900"
"383";"Vicente López";"Buenos Aires";"2";"269420";"6";"123";"44903.33333";"2190.406504"
"384";"Villa Gesell";"Buenos Aires";"1";"31730";"3";"5";"10576.66667";"6346"
"385";"Villarino";"Buenos Aires";"1";"31014";"2";"2";"15507";"15507"
"386";"Zárate";"Buenos Aires";"2";"111597";"6";"19";"18599.5";"5873.526316"
"387";"Biedma";"Chubut";"4";"82883";"8";"75";"10360.375";"1105.106667"
"388";"Cushamen";"Chubut";"2";"20919";"7";"16";"2988.428571";"1307.4375"
"389";"Escalante";"Chubut";"4";"186583";"13";"109";"14352.53846";"1711.770642"
"390";"Florentino Ameghino";"Chubut";"1";"1627";"1";"2";"1627";"813.5"
"391";"Futaleufú";"Chubut";"3";"43076";"7";"39";"6153.714286";"1104.512821"
"392";"Gaiman";"Chubut";"1";"11141";"2";"2";"5570.5";"5570.5"
"393";"Gastre";"Chubut";"1";"1427";"0";"0";NA;NA
"394";"Languiñeo";"Chubut";"1";"3085";"0";"0";NA;NA
"395";"Mártires";"Chubut";"1";"778";"0";"0";NA;NA
"396";"Paso de Indios";"Chubut";"1";"1867";"1";"2";"1867";"933.5"
"397";"Rawson";"Chubut";"4";"131313";"13";"133";"10101";"987.3157895000001"
"398";"Río Senguer";"Chubut";"3";"5979";"5";"17";"1195.8";"351.7058824"
"399";"Sarmiento";"Chubut";"2";"11396";"3";"7";"3798.666667";"1628"
"400";"Tehuelches";"Chubut";"1";"5390";"3";"5";"1796.666667";"1078"
"401";"Telsen";"Chubut";"1";"1644";"0";"0";NA;NA
"402";"Cochinoca";"Jujuy";"1";"12656";"3";"9";"4218.666667";"1406.222222"
"403";"Dr. Manuel Belgrano";"Jujuy";"3";"265249";"12";"132";"22104.08333";"2009.462121"
"404";"El Carmen";"Jujuy";"3";"97039";"13";"43";"7464.538462";"2256.72093"
"405";"Humahuaca";"Jujuy";"2";"17366";"5";"17";"3473.2";"1021.529412"
"406";"Ledesma";"Jujuy";"3";"81790";"19";"54";"4304.736842";"1514.62963"
"407";"Palpalá";"Jujuy";"1";"52631";"3";"12";"17543.66667";"4385.916667"
"408";"Rinconada";"Jujuy";"1";"2488";"0";"0";NA;NA
"409";"San Antonio";"Jujuy";"1";"4466";"0";"0";NA;NA
"410";"San Pedro";"Jujuy";"3";"75037";"10";"34";"7503.7";"2206.970588"
"411";"Santa Bárbara";"Jujuy";"1";"17730";"3";"6";"5910";"2955"
"412";"Santa Catalina";"Jujuy";"1";"2800";"0";"0";NA;NA
"413";"Susques";"Jujuy";"1";"3791";"0";"0";NA;NA
"414";"Tilcara";"Jujuy";"1";"12349";"3";"7";"4116.333333";"1764.142857"
"415";"Tumbaya";"Jujuy";"1";"4658";"0";"0";NA;NA
"416";"Valle Grande";"Jujuy";"1";"2451";"0";"0";NA;NA
"417";"Yavi";"Jujuy";"2";"20806";"4";"20";"5201.5";"1040.3"
"418";"9 de Julio";"Santa Fe";"1";"29832";"4";"8";"7458";"3729"
"419";"Belgrano";"Santa Fe";"1";"44788";"5";"13";"8957.6";"3445.230769"
"420";"Caseros";"Santa Fe";"2";"82100";"7";"25";"11728.57143";"3284"
"421";"Castellanos";"Santa Fe";"3";"178092";"10";"50";"17809.2";"3561.84"
"422";"Constitución";"Santa Fe";"2";"86910";"7";"43";"12415.71429";"2021.162791"
"423";"Garay";"Santa Fe";"1";"20890";"2";"2";"10445";"10445"
"424";"General López";"Santa Fe";"3";"191024";"9";"39";"21224.88889";"4898.051282"
"425";"General Obligado";"Santa Fe";"2";"176410";"14";"18";"12600.71429";"9800.555555999999"
"426";"Iriondo";"Santa Fe";"2";"66675";"7";"34";"9525";"1961.029412"
"427";"La Capital";"Santa Fe";"4";"525093";"12";"230";"43757.75";"2283.013043"
"428";"Las Colonias";"Santa Fe";"2";"104946";"11";"12";"9540.545454999999";"8745.5"
"429";"Rosario";"Santa Fe";"4";"1193605";"12";"360";"99467.08332999999";"3315.569444"
"430";"San Cristóbal ";"Santa Fe";"2";"68878";"10";"16";"6887.8";"4304.875"
"431";"San Javier";"Santa Fe";"2";"30959";"10";"10";"3095.9";"3095.9"
"432";"San Jerónimo";"Santa Fe";"1";"80840";"2";"4";"40420";"20210"
"433";"San Justo ";"Santa Fe";"2";"40904";"9";"9";"4544.888889";"4544.888889"
"434";"San Lorenzo";"Santa Fe";"3";"157255";"12";"41";"13104.58333";"3835.487805"
"435";"San Martín";"Santa Fe";"1";"63842";"6";"10";"10640.33333";"6384.2"
"436";"Vera";"Santa Fe";"2";"51494";"10";"10";"5149.4";"5149.4"
"437";"Arauco";"La Rioja";"1";"15323";"1";"1";"15323";"15323"
"438";"Castro Barros";"La Rioja";"1";"4182";"1";"1";"4182";"4182"
"439";"Chamical";"La Rioja";"1";"14074";"1";"3";"14074";"4691.333333"
"440";"Chilecito";"La Rioja";"3";"49013";"3";"19";"16337.66667";"2579.631579"
"441";"Famatina";"La Rioja";"1";"5909";"1";"4";"5909";"1477.25"
"442";"General Belgrano";"La Rioja";"1";"7325";"1";"1";"7325";"7325"
"443";"General Lamadrid";"La Rioja";"1";"1758";"0";"0";NA;NA
"444";"General San Martín";"La Rioja";"1";"4938";"1";"4";"4938";"1234.5"
"445";"Independencia";"La Rioja";"1";"2409";"1";"2";"2409";"1204.5"
"446";"Rosario Vera Peñaloza";"La Rioja";"3";"14078";"4";"40";"3519.5";"351.95"
"447";"San Blas de los Sauces";"La Rioja";"1";"3868";"1";"7";"3868";"552.5714286"
"448";"Sanagasta";"La Rioja";"1";"2286";"1";"4";"2286";"571.5"
"449";"Vinchina";"La Rioja";"1";"2681";"1";"7";"2681";"383"
"450";"Colón";"Entre Ríos";"2";"62160";"10";"23";"6216";"2702.61"
"451";"Concordia";"Entre Ríos";"3";"170033";"8";"22";"21254.125";"7728.77"
"452";"Diamante";"Entre Ríos";"1";"46361";"3";"13";"15453.6666666667";"3566.23"
"453";"Federación";"Entre Ríos";"3";"68736";"10";"35";"6873.6";"1963.89"
"454";"Federal";"Entre Ríos";"2";"25863";"4";"17";"6465.75";"1521.35"
"455";"Feliciano";"Entre Ríos";"1";"15079";"4";"7";"3769.75";"2154.14"
"456";"Gualeguay";"Entre Ríos";"3";"51883";"3";"8";"17294.3333333333";"6485.38"
"457";"Gualeguaychú";"Entre Ríos";"3";"109461";"4";"27";"27365.25";"4054.11"
"458";"La Paz";"Entre Ríos";"2";"66903";"9";"22";"7433.66666666667";"3041.05"
"459";"Nogoyá";"Entre Ríos";"1";"39026";"5";"12";"7805.2";"3252.17"
"460";"Paraná";"Entre Ríos";"4";"339930";"15";"176";"22662";"1931.42"
"461";"San Salvador";"Entre Ríos";"2";"17357";"6";"11";"2892.83333333333";"1577.91"
"462";"Tala";"Entre Ríos";"1";"25665";"5";"13";"5133";"1974.23"
"463";"Uruguay";"Entre Ríos";"3";"100728";"7";"34";"14389.7142857143";"2962.59"
"464";"Victoria";"Entre Ríos";"2";"35767";"6";"22";"5961.16666666667";"1625.77"
"465";"Villaguay";"Entre Ríos";"2";"48965";"5";"21";"9793";"2331.67"
"466";"25 de Mayo ";"San Juan";"1";"17119";"3";"4";"5706.333333";"4279.75"
"467";"9 de Julio ";"San Juan";"1";"9307";"3";"10";"3102.333333";"930.7"
"468";"Albardón";"San Juan";"2";"23888";"4";"13";"5972";"1837.538462"
"469";"Angaco ";"San Juan";"1";"8125";"1";"2";"8125";"4062.5"
"470";"Calingasta";"San Juan";"2";"8588";"3";"12";"2862.666667";"715.6666667"
"471";"Capital";"San Juan";"3";"109123";"9";"89";"12124.77778";"1226.101124"
"472";"Caucete";"San Juan";"3";"38343";"4";"13";"9585.75";"2949.461538"
"473";"Chimbas ";"San Juan";"1";"87258";"2";"5";"43629";"17451.6"
"474";"Iglesia ";"San Juan";"2";"9099";"2";"9";"4549.5";"1011"
"475";"Jáchal";"San Juan";"2";"21730";"2";"10";"10865";"2173"
"476";"Pocito ";"San Juan";"1";"53162";"3";"6";"17720.66667";"8860.333333"
"477";"Rawson ";"San Juan";"1";"114368";"3";"7";"38122.66667";"16338.28571"
"478";"Rivadavia ";"San Juan";"1";"82641";"3";"11";"27547";"7512.818182"
"479";"San Martín";"San Juan";"1";"11115";"2";"7";"5557.5";"1587.857143"
"480";"Santa Lucía ";"San Juan";"1";"48087";"2";"5";"24043.5";"9617.4"
"481";"Sarmiento ";"San Juan";"1";"22131";"2";"5";"11065.5";"4426.2"
"482";"Ullum";"San Juan";"1";"4886";"2";"6";"2443";"814.3333333"
"483";"Valle Fértil";"San Juan";"1";"7222";"2";"5";"3611";"1444.4"
"484";"Zonda";"San Juan";"1";"4863";"2";"2";"2431.5";"2431.5"
"485";"General Alvear";"Mendoza";"4";"45966";"10";"66";"4596.6";"696.4545455"
"486";"Godoy Cruz";"Mendoza";"2";"191144";"5";"36";"38228.8";"5309.555556"
"487";"Guaymallén";"Mendoza";"3";"281803";"8";"60";"35225.375";"4696.716667"
"488";"Junín";"Mendoza";"2";"37630";"5";"18";"7526";"2090.555556"
"489";"La Paz";"Mendoza";"1";"9983";"3";"16";"3327.666667";"623.9375"
"490";"Las Heras";"Mendoza";"3";"201291";"5";"114";"40258.2";"1765.710526"
"491";"Lavalle";"Mendoza";"4";"36835";"9";"51";"4092.777778";"722.254902"
"492";"Luján de Cuyo";"Mendoza";"2";"117266";"8";"29";"14658.25";"4043.655172"
"493";"Maipú";"Mendoza";"1";"172564";"4";"16";"43141";"10785.25"
"494";"Malargüe";"Mendoza";"2";"26962";"6";"31";"4493.666667";"869.7419355"
"495";"Rivadavia";"Mendoza";"3";"56090";"8";"42";"7011.25";"1335.47619"
"496";"San Carlos";"Mendoza";"3";"32290";"8";"29";"4036.25";"1113.448276"
"497";"San Martín";"Mendoza";"4";"117311";"12";"59";"9775.916667";"1988.322034"
"498";"San Rafael";"Mendoza";"4";"184268";"12";"159";"15355.66667";"1158.918239"
"499";"Santa Rosa";"Mendoza";"2";"16263";"7";"26";"2323.285714";"625.5"
"500";"Tunuyán";"Mendoza";"3";"48867";"12";"62";"4072.25";"788.1774194"
"501";"Tupungato";"Mendoza";"3";"32289";"10";"25";"3228.9";"1291.56"
"502";"Capital (Posadas)";"Misiones";"4";"324756";"10";"145";"32475.6";"2239.696552"
"503";"El Dorado";"Misiones";"1";"78221";"1";"5";"78221";"15644.2"
"504";"Tolhuin";"Tierra del Fuego, Antártida e Islas del Atlántico Sur";"1";"2875";"1";"2";"2875";"1437.5"
"505";"Corpen Aike";"Santa Cruz";"1";"11093";"2";"2";"5546.5";"5546.5"
"506";"Deseado";"Santa Cruz";"2";"107630";"8";"19";"13453.75";"5664.736842"
"507";"Güer Aike";"Santa Cruz";"4";"113267";"12";"53";"9438.916667";"2137.113208"
"508";"Lago Argentino";"Santa Cruz";"3";"18864";"7";"23";"2694.857143";"820.173913"
"509";"Lago Buenos Aires";"Santa Cruz";"1";"8750";"3";"12";"2916.666667";"729.1666667"
"510";"Magallanes";"Santa Cruz";"1";"9202";"1";"2";"9202";"4601"
"511";"Río Chico";"Santa Cruz";"1";"5158";"2";"10";"2579";"515.8"
"512";"Burrayacú";"Tucumán";"1";"36951";"1";"3";"36951";"12317"
"513";"Juan Bautista Alberdi";"Tucumán";"1";"30237";"1";"2";"30237";"15118.5"
"514";"Mayor Luis Jorge Fontana";"Chaco";"4";"55080";"6";"20";"9180";"2754"
"515";"JUAN M. DE PUEYRREDON";"San Luis";"4";"204019";"12";"149";"17001.58333";"1369.255034"
"516";"LIB. GENERAL SAN MARTIN";"San Luis";"1";"4707";"1";"1";"4707";"4707"
"517";"Loconpué";"Neuquén";"1";"6925";"2";"7";"3462.5";"989.2857143"
"518";"Corrientes ";"Corrientes";"4";"358223";"12";"204";"29851.916";"1755.99"
"519";"Adolfo Gonzalez Chaves";"Buenos Aires";"1";"12047";"3";"5";"4015.666667";"2409.4"
"520";"Carmen de Patagones ";"Buenos Aires";"2";"30207";"6";"14";"5034.5";"2157.642857"
"521";"Coronel Rosales";"Buenos Aires";"1";"62152";"3";"7";"20717.33333";"8878.857142999999"
"522";"General Madariaga";"Buenos Aires";"1";"19747";"2";"12";"9873.5";"1645.583333"
"523";"Lezama";"Buenos Aires";"1";"5661";"1";"1";"5661";"5661"
"524";"San Miguel del Monte";"Buenos Aires";"3";"21034";"8";"42";"2629.25";"500.8095238"
"525";"San Nicolás de los Arroyos";"Buenos Aires";"4";"133912";"6";"154";"22318.66667";"869.5584416"
"526";"General Ángel Vicente Peñaloza";"La Rioja";"1";"2998";"0";"0";NA;NA
"527";"General Felipe Varela";"La Rioja";"1";"9593";"1";"3";"9593";"3197.666667"
"528";"General Juan Facundo Quiroga";"La Rioja";"1";"4124";"1";"3";"4124";"1374.666667"
"529";"General Ortiz de Ocampo";"La Rioja";"1";"7075";"2";"5";"3537.5";"1415"
"530";"La Rioja (Capital)";"La Rioja";"4";"179684";"14";"141";"12834.57143";"1274.35461"
"531";"Islas";"Entre Ríos";"1";"12077";"0";"0";NA;NA
"532";"Ciudad de Mendoza";"Mendoza";"4";"110600";"12";"314";"9216.666667";"352.2292994"
"533";"Aguirre";"Santiago del Estero";"1";"7610";"0";"0";NA;NA
"534";"Alberdi";"Santiago del Estero";"2";"17252";"4";"11";"4313";"1568.36"
"535";"Atamisqui";"Santiago del Estero";"1";"10923";"2";"5";"5461.5";"2184.60"
"536";"Avellaneda";"Santiago del Estero";"1";"20763";"2";"8";"10381.5";"2595.38"
"537";"Banda";"Santiago del Estero";"1";"142279";"2";"10";"71139.5";"14227.90"
"538";"Belgrano";"Santiago del Estero";"2";"9243";"2";"18";"4621.5";"513.50"
"539";"Capital";"Santiago del Estero";"3";"267125";"14";"131";"19080.36";"2039.12"
"540";"Choya";"Santiago del Estero";"1";"34667";"2";"7";"17333.5";"4952.43"
"541";"Copo";"Santiago del Estero";"1";"31404";"2";"2";"15702";"15702.00"
"542";"Figueroa";"Santiago del Estero";"1";"17820";"0";"0";NA;NA
"543";"General Taboada";"Santiago del Estero";"1";"38105";"2";"9";"19052.5";"4233.89"
"544";"Guasayán";"Santiago del Estero";"1";"7602";"0";"0";NA;NA
"545";"Jiménez";"Santiago del Estero";"1";"14352";"1";"7";"14352";"2050.29"
"546";"Juan F. Ibarra";"Santiago del Estero";"1";"18051";"1";"2";"18051";"9025.50"
"547";"Loreto";"Santiago del Estero";"2";"20036";"4";"17";"5009";"1178.59"
"548";"Mitre";"Santiago del Estero";"1";"1890";"0";"0";NA;NA
"549";"Moreno";"Santiago del Estero";"1";"32130";"3";"5";"10710";"6426.00"
"550";"Ojo de Agua";"Santiago del Estero";"1";"14008";"1";"5";"14008";"2801.60"
"551";"Pellegrini";"Santiago del Estero";"1";"20514";"0";"0";NA;NA
"552";"Quebrachos";"Santiago del Estero";"1";"10568";"4";"4";"2642";"2642.00"
"553";"Río Hondo";"Santiago del Estero";"2";"54867";"3";"7";"18289";"7838.14"
"554";"Rivadavia";"Santiago del Estero";"1";"5015";"2";"6";"2507.5";"835.83"
"555";"Robles";"Santiago del Estero";"1";"44415";"2";"6";"22207.5";"7402.50"
"556";"Salavina";"Santiago del Estero";"1";"11217";"0";"0";NA;NA
"557";"San Martín";"Santiago del Estero";"1";"9831";"0";"0";NA;NA
"558";"Sarmiento";"Santiago del Estero";"1";"4607";"1";"1";"4607";"4607.00"
"559";"Silípica";"Santiago del Estero";"1";"7712";"0";"0";NA;NA
"560";"Villa General Mitre";"Ciudad Autónoma de Buenos Aires";"1";"34713";"1";"1";"34713";"34713"
